"1","nlYmkfsUGd","1","5","2014-02-04 15:32:17"
"2","glIqEtKsIN","1","10","2014-02-04 15:32:49"
"3","nlYmkfsUGd","2","8","2014-02-04 15:32:54"
"4","umHnBTVKxT","1","10","2014-02-04 15:32:55"
"5","nleZsznkCM","1","4","2014-02-04 15:33:11"
"6","nlYmkfsUGd","3","3","2014-02-04 15:33:21"
"7","umXiczYIfE","1","3","2014-02-04 15:33:23"
"8","glIqEtKsIN","2","8","2014-02-04 15:33:35"
"9","nlYmkfsUGd","4","4","2014-02-04 15:33:47"
"10","nleZsznkCM","2","8","2014-02-04 15:33:55"
"11","umHnBTVKxT","2","8","2014-02-04 15:33:59"
"12","nlYmkfsUGd","5","4","2014-02-04 15:34:07"
"13","glIqEtKsIN","3","8","2014-02-04 15:34:10"
"14","nlYmkfsUGd","6","4","2014-02-04 15:34:26"
"15","nleZsznkCM","3","9","2014-02-04 15:34:31"
"16","glIqEtKsIN","4","8","2014-02-04 15:34:40"
"17","nlYmkfsUGd","7","5","2014-02-04 15:34:45"
"18","umHnBTVKxT","3","9","2014-02-04 15:34:52"
"19","nlYmkfsUGd","8","5","2014-02-04 15:35:03"
"20","nleZsznkCM","4","6","2014-02-04 15:35:03"
"21","glIqEtKsIN","5","8","2014-02-04 15:35:12"
"22","nlYmkfsUGd","9","5","2014-02-04 15:35:19"
"23","nleZsznkCM","5","7","2014-02-04 15:35:33"
"24","umHnBTVKxT","4","9","2014-02-04 15:35:34"
"25","nlYmkfsUGd","10","5","2014-02-04 15:35:36"
"26","glIqEtKsIN","6","7","2014-02-04 15:35:37"
"27","glIqEtKsIN","7","7","2014-02-04 15:36:02"
"28","umHnBTVKxT","5","9","2014-02-04 15:36:09"
"29","nleZsznkCM","6","6","2014-02-04 15:36:10"
"30","glIqEtKsIN","8","8","2014-02-04 15:36:31"
"31","nleZsznkCM","7","7","2014-02-04 15:36:39"
"32","umHnBTVKxT","6","9","2014-02-04 15:36:45"
"33","nleZsznkCM","8","6","2014-02-04 15:37:05"
"34","glIqEtKsIN","9","7","2014-02-04 15:37:08"
"35","umHnBTVKxT","7","9","2014-02-04 15:37:20"
"36","nleZsznkCM","9","7","2014-02-04 15:37:32"
"37","umXiczYIfE","2","3","2014-02-04 15:37:36"
"38","glIqEtKsIN","10","8","2014-02-04 15:37:46"
"39","nleZsznkCM","10","7","2014-02-04 15:37:58"
"40","umHnBTVKxT","8","9","2014-02-04 15:38:01"
"41","umXiczYIfE","3","4","2014-02-04 15:38:27"
"42","umHnBTVKxT","9","9","2014-02-04 15:38:43"
"43","glGXbAdhTR","1","5","2014-02-04 15:38:47"
"44","umHnBTVKxT","10","9","2014-02-04 15:39:18"
"45","umXiczYIfE","4","4","2014-02-04 15:39:18"
"46","glGXbAdhTR","2","3","2014-02-04 15:39:53"
"47","umXiczYIfE","5","5","2014-02-04 15:40:04"
"48","umXiczYIfE","6","5","2014-02-04 15:40:46"
"49","glGXbAdhTR","3","4","2014-02-04 15:40:51"
"50","umXiczYIfE","7","5","2014-02-04 15:41:35"
"51","glGXbAdhTR","4","2","2014-02-04 15:41:37"
"52","umXiczYIfE","8","6","2014-02-04 15:42:17"
"53","glGXbAdhTR","5","6","2014-02-04 15:42:30"
"54","grjmPYdoRI","1","10","2014-02-04 15:43:28"
"55","glGXbAdhTR","6","6","2014-02-04 15:44:17"
"56","umXiczYIfE","10","4","2014-02-04 15:44:21"
"57","grjmPYdoRI","2","8","2014-02-04 15:44:38"
"58","grjmPYdoRI","3","8","2014-02-04 15:45:32"
"59","grjmPYdoRI","4","8","2014-02-04 15:46:27"
"60","grMLDSbdLv","1","10","2014-02-04 15:46:35"
"61","grMLDSbdLv","2","5","2014-02-04 15:47:15"
"62","grjmPYdoRI","5","8","2014-02-04 15:47:38"
"63","grMLDSbdLv","3","5","2014-02-04 15:47:44"
"64","grMLDSbdLv","4","6","2014-02-04 15:48:11"
"65","grjmPYdoRI","6","8","2014-02-04 15:48:23"
"66","grMLDSbdLv","5","6","2014-02-04 15:48:41"
"67","grjmPYdoRI","7","9","2014-02-04 15:49:06"
"68","grMLDSbdLv","6","6","2014-02-04 15:49:08"
"69","grMLDSbdLv","7","6","2014-02-04 15:49:36"
"70","grjmPYdoRI","8","8","2014-02-04 15:49:49"
"71","umaDxCfiqv","1","10","2014-02-04 15:49:51"
"72","grMLDSbdLv","8","6","2014-02-04 15:49:58"
"73","grjmPYdoRI","9","8","2014-02-04 15:50:20"
"74","grMLDSbdLv","9","6","2014-02-04 15:50:21"
"75","grMLDSbdLv","10","6","2014-02-04 15:50:42"
"76","grjmPYdoRI","10","9","2014-02-04 15:50:51"
"77","umaDxCfiqv","2","7","2014-02-04 15:51:06"
"78","umaDxCfiqv","3","6","2014-02-04 15:51:59"
"79","umaDxCfiqv","4","8","2014-02-04 15:52:51"
"80","umaDxCfiqv","5","8","2014-02-04 15:53:41"
"81","umaDxCfiqv","6","8","2014-02-04 15:54:54"
"82","umaDxCfiqv","7","7","2014-02-04 15:55:34"
"83","umaDxCfiqv","8","6","2014-02-04 15:56:10"
"84","umaDxCfiqv","9","8","2014-02-04 15:56:49"
"85","umYXUPihTd","1","10","2014-02-04 15:56:53"
"86","umaDxCfiqv","10","5","2014-02-04 15:57:28"
"87","umYXUPihTd","2","6","2014-02-04 15:57:58"
"88","umYXUPihTd","3","6","2014-02-04 15:58:44"
"89","umYXUPihTd","4","6","2014-02-04 15:59:19"
"90","umYXUPihTd","5","6","2014-02-04 15:59:48"
"91","umYXUPihTd","6","6","2014-02-04 16:00:19"
"92","umYXUPihTd","7","6","2014-02-04 16:00:49"
"93","umYXUPihTd","8","6","2014-02-04 16:01:15"
"94","umYXUPihTd","9","6","2014-02-04 16:01:44"
"95","umYXUPihTd","10","6","2014-02-04 16:02:17"
"96","gljZOBHkxs","1","3","2014-02-04 16:04:44"
"97","gljZOBHkxs","2","6","2014-02-04 16:05:43"
"98","gljZOBHkxs","3","4","2014-02-04 16:06:37"
"99","gljZOBHkxs","4","4","2014-02-04 16:07:16"
"100","gljZOBHkxs","5","5","2014-02-04 16:07:47"
"101","gljZOBHkxs","6","5","2014-02-04 16:08:22"
"102","gljZOBHkxs","7","5","2014-02-04 16:08:52"
"103","gljZOBHkxs","8","5","2014-02-04 16:09:21"
"104","gljZOBHkxs","9","5","2014-02-04 16:09:51"
"105","gljZOBHkxs","10","5","2014-02-04 16:10:28"
"106","nlVkxODzaC","1","5","2014-02-04 16:18:59"
"107","nlHwBQTaSE","1","5","2014-02-04 16:19:23"
"108","nlVkxODzaC","2","5","2014-02-04 16:19:49"
"109","nlVkxODzaC","3","5","2014-02-04 16:20:15"
"110","gruVmMJwUh","1","5","2014-02-04 16:20:31"
"111","nlVkxODzaC","4","5","2014-02-04 16:20:39"
"112","nlVkxODzaC","5","5","2014-02-04 16:20:58"
"113","nlHwBQTaSE","2","4","2014-02-04 16:21:07"
"114","grCHptarcR","1","2","2014-02-04 16:21:12"
"115","nlVkxODzaC","6","5","2014-02-04 16:21:21"
"116","gruVmMJwUh","2","10","2014-02-04 16:21:31"
"117","glHYUBUkgE","1","4","2014-02-04 16:21:31"
"118","umODAGkWqs","1","7","2014-02-04 16:21:32"
"119","grJeiNbLOk","1","5","2014-02-04 16:21:39"
"120","nlVkxODzaC","7","5","2014-02-04 16:21:50"
"121","nlHwBQTaSE","3","6","2014-02-04 16:22:04"
"122","grCHptarcR","2","9","2014-02-04 16:22:05"
"123","gruVmMJwUh","3","10","2014-02-04 16:22:07"
"124","grdVnLyGMT","1","10","2014-02-04 16:22:24"
"125","glHYUBUkgE","2","2","2014-02-04 16:22:34"
"126","grCHptarcR","3","7","2014-02-04 16:22:37"
"127","umODAGkWqs","2","8","2014-02-04 16:22:41"
"128","nlHwBQTaSE","4","7","2014-02-04 16:22:44"
"129","gruVmMJwUh","4","10","2014-02-04 16:22:45"
"130","nlVkxODzaC","8","5","2014-02-04 16:22:48"
"131","nlWqKXcfZR","1","1","2014-02-04 16:22:56"
"132","grdVnLyGMT","2","10","2014-02-04 16:22:58"
"133","grCHptarcR","4","7","2014-02-04 16:22:59"
"134","nlVkxODzaC","9","5","2014-02-04 16:23:08"
"135","glHYUBUkgE","3","2","2014-02-04 16:23:11"
"136","grCHptarcR","5","8","2014-02-04 16:23:21"
"137","gruVmMJwUh","5","5","2014-02-04 16:23:21"
"138","nlHwBQTaSE","5","10","2014-02-04 16:23:23"
"139","glLoHBOhtJ","1","10","2014-02-04 16:23:30"
"140","nlVkxODzaC","10","5","2014-02-04 16:23:31"
"141","grJeiNbLOk","2","6","2014-02-04 16:23:40"
"142","grCHptarcR","6","9","2014-02-04 16:23:44"
"143","umODAGkWqs","3","9","2014-02-04 16:23:45"
"144","glHYUBUkgE","4","2","2014-02-04 16:23:46"
"145","gruVmMJwUh","6","5","2014-02-04 16:24:03"
"146","grdVnLyGMT","3","10","2014-02-04 16:24:04"
"147","grCHptarcR","7","7","2014-02-04 16:24:05"
"148","nlHwBQTaSE","6","9","2014-02-04 16:24:07"
"149","glQxWRFARJ","1","5","2014-02-04 16:24:15"
"150","glHYUBUkgE","5","5","2014-02-04 16:24:19"
"151","umODAGkWqs","4","10","2014-02-04 16:24:20"
"152","grCHptarcR","8","8","2014-02-04 16:24:25"
"153","glLoHBOhtJ","2","6","2014-02-04 16:24:30"
"154","grdVnLyGMT","4","10","2014-02-04 16:24:34"
"155","gruVmMJwUh","7","6","2014-02-04 16:24:42"
"156","umaqwqIKoL","1","5","2014-02-04 16:24:45"
"157","glHYUBUkgE","6","7","2014-02-04 16:24:47"
"158","nlHwBQTaSE","7","6","2014-02-04 16:24:48"
"159","grCHptarcR","9","7","2014-02-04 16:24:56"
"160","umODAGkWqs","5","7","2014-02-04 16:25:01"
"161","glLoHBOhtJ","3","7","2014-02-04 16:25:09"
"162","grdVnLyGMT","5","10","2014-02-04 16:25:14"
"163","grCHptarcR","10","7","2014-02-04 16:25:16"
"164","gruVmMJwUh","8","7","2014-02-04 16:25:19"
"165","glHYUBUkgE","7","6","2014-02-04 16:25:21"
"166","nlHwBQTaSE","8","5","2014-02-04 16:25:29"
"167","umODAGkWqs","6","7","2014-02-04 16:25:36"
"168","grJeiNbLOk","3","6","2014-02-04 16:25:36"
"169","gltzcsWJbF","1","5","2014-02-04 16:25:37"
"170","glLoHBOhtJ","4","6","2014-02-04 16:25:43"
"171","umaqwqIKoL","2","5","2014-02-04 16:25:45"
"172","grdVnLyGMT","6","1","2014-02-04 16:25:50"
"173","glHYUBUkgE","8","8","2014-02-04 16:25:56"
"174","gruVmMJwUh","9","8","2014-02-04 16:25:57"
"175","nlHwBQTaSE","9","5","2014-02-04 16:26:05"
"176","glLoHBOhtJ","5","6","2014-02-04 16:26:13"
"177","grdVnLyGMT","7","10","2014-02-04 16:26:17"
"178","nlOXlswvya","1","5","2014-02-04 16:26:20"
"179","umaqwqIKoL","3","6","2014-02-04 16:26:21"
"180","glHYUBUkgE","9","5","2014-02-04 16:26:24"
"181","glQxWRFARJ","2","5","2014-02-04 16:26:29"
"182","gruVmMJwUh","10","7","2014-02-04 16:26:32"
"183","glLoHBOhtJ","6","7","2014-02-04 16:26:41"
"184","nlHwBQTaSE","10","5","2014-02-04 16:26:41"
"185","nlWqKXcfZR","2","6","2014-02-04 16:26:41"
"186","glHYUBUkgE","10","6","2014-02-04 16:26:51"
"187","umaqwqIKoL","4","6","2014-02-04 16:26:58"
"188","grdVnLyGMT","8","10","2014-02-04 16:27:06"
"189","grJeiNbLOk","4","7","2014-02-04 16:27:08"
"190","glLoHBOhtJ","7","6","2014-02-04 16:27:08"
"191","umaqwqIKoL","5","5","2014-02-04 16:27:30"
"192","glLoHBOhtJ","8","6","2014-02-04 16:27:34"
"193","grdVnLyGMT","9","6","2014-02-04 16:27:37"
"194","umODAGkWqs","7","6","2014-02-04 16:27:40"
"195","glQxWRFARJ","3","6","2014-02-04 16:27:45"
"196","glLoHBOhtJ","9","6","2014-02-04 16:27:55"
"197","umaqwqIKoL","6","5","2014-02-04 16:27:57"
"198","glLoHBOhtJ","10","6","2014-02-04 16:28:17"
"199","umaqwqIKoL","7","5","2014-02-04 16:28:25"
"200","gltzcsWJbF","2","6","2014-02-04 16:28:27"
"201","grJeiNbLOk","5","6","2014-02-04 16:28:28"
"202","umODAGkWqs","8","6","2014-02-04 16:28:31"
"203","nlWqKXcfZR","3","8","2014-02-04 16:28:44"
"204","grmSuZiDpF","1","2","2014-02-04 16:28:45"
"205","glQxWRFARJ","4","10","2014-02-04 16:28:49"
"206","umaqwqIKoL","8","5","2014-02-04 16:28:51"
"207","nlOXlswvya","2","5","2014-02-04 16:28:55"
"208","nlYxAvhQFV","1","7","2014-02-04 16:28:58"
"209","umODAGkWqs","9","7","2014-02-04 16:29:01"
"210","umaqwqIKoL","9","5","2014-02-04 16:29:17"
"211","umODAGkWqs","10","6","2014-02-04 16:29:33"
"212","umaqwqIKoL","10","5","2014-02-04 16:29:43"
"213","nlOXlswvya","3","5","2014-02-04 16:29:46"
"214","glQxWRFARJ","5","8","2014-02-04 16:29:46"
"215","nlWqKXcfZR","4","6","2014-02-04 16:29:49"
"216","grJeiNbLOk","6","6","2014-02-04 16:29:50"
"217","grSAKWsQBn","1","6","2014-02-04 16:30:05"
"218","gltzcsWJbF","3","8","2014-02-04 16:30:11"
"219","nlOXlswvya","4","5","2014-02-04 16:30:19"
"220","grmSuZiDpF","2","3","2014-02-04 16:30:25"
"221","glQxWRFARJ","6","8","2014-02-04 16:30:38"
"222","grdVnLyGMT","10","7","2014-02-04 16:30:41"
"223","nlWqKXcfZR","5","6","2014-02-04 16:30:56"
"224","grFsoSiOMC","1","5","2014-02-04 16:30:58"
"225","nlOXlswvya","5","5","2014-02-04 16:31:00"
"226","grJeiNbLOk","7","6","2014-02-04 16:31:07"
"227","grSAKWsQBn","2","6","2014-02-04 16:31:10"
"228","gltzcsWJbF","4","8","2014-02-04 16:31:18"
"229","grmSuZiDpF","3","3","2014-02-04 16:31:20"
"230","glQxWRFARJ","7","8","2014-02-04 16:31:35"
"231","nlWqKXcfZR","6","5","2014-02-04 16:31:44"
"232","nlYxAvhQFV","2","6","2014-02-04 16:31:48"
"233","grTvlBNSsw","1","5","2014-02-04 16:31:54"
"234","nlOXlswvya","6","5","2014-02-04 16:31:57"
"235","grmSuZiDpF","4","4","2014-02-04 16:32:05"
"236","grJeiNbLOk","8","6","2014-02-04 16:32:05"
"237","grSAKWsQBn","3","5","2014-02-04 16:32:09"
"238","gltzcsWJbF","5","8","2014-02-04 16:32:16"
"239","grFsoSiOMC","2","5","2014-02-04 16:32:19"
"240","ummsyJqHgb","1","1","2014-02-04 16:32:24"
"241","glQxWRFARJ","8","8","2014-02-04 16:32:26"
"242","nlWqKXcfZR","7","6","2014-02-04 16:32:35"
"243","grSAKWsQBn","4","5","2014-02-04 16:32:45"
"244","nlOXlswvya","7","5","2014-02-04 16:32:46"
"245","glqiimZZJm","1","2","2014-02-04 16:32:49"
"246","grmSuZiDpF","5","3","2014-02-04 16:32:52"
"247","glgZUMKyId","1","4","2014-02-04 16:32:55"
"248","glGJsvhrad","1","4","2014-02-04 16:33:10"
"249","grJeiNbLOk","9","6","2014-02-04 16:33:12"
"250","glQxWRFARJ","9","10","2014-02-04 16:33:14"
"251","nlWqKXcfZR","8","6","2014-02-04 16:33:19"
"252","grSAKWsQBn","5","5","2014-02-04 16:33:20"
"253","grmSuZiDpF","6","4","2014-02-04 16:33:27"
"254","grFsoSiOMC","3","4","2014-02-04 16:33:28"
"255","nlOXlswvya","8","5","2014-02-04 16:33:37"
"256","gltzcsWJbF","6","8","2014-02-04 16:33:39"
"257","nlYxAvhQFV","3","6","2014-02-04 16:33:39"
"258","grVBXMbSQd","1","5","2014-02-04 16:33:48"
"259","gruKLhuwGT","1","5","2014-02-04 16:33:48"
"260","grhXCIXxjm","1","5","2014-02-04 16:33:52"
"261","grSAKWsQBn","6","5","2014-02-04 16:33:55"
"262","glQxWRFARJ","10","8","2014-02-04 16:34:05"
"263","grmSuZiDpF","7","4","2014-02-04 16:34:07"
"264","nlWqKXcfZR","9","5","2014-02-04 16:34:07"
"265","ummsyJqHgb","2","2","2014-02-04 16:34:07"
"266","nlrDWiOjVj","1","7","2014-02-04 16:34:10"
"267","nlWODhyquI","1","10","2014-02-04 16:34:12"
"268","nlOXlswvya","9","5","2014-02-04 16:34:13"
"269","grJeiNbLOk","10","6","2014-02-04 16:34:18"
"270","glgZUMKyId","2","6","2014-02-04 16:34:24"
"271","grFsoSiOMC","4","4","2014-02-04 16:34:26"
"272","grSAKWsQBn","7","5","2014-02-04 16:34:27"
"273","grhXCIXxjm","2","6","2014-02-04 16:34:30"
"274","grmSuZiDpF","8","3","2014-02-04 16:34:34"
"275","gltzcsWJbF","7","8","2014-02-04 16:34:42"
"276","glGJsvhrad","2","5","2014-02-04 16:34:44"
"277","nlOXlswvya","10","5","2014-02-04 16:34:50"
"278","nlrDWiOjVj","2","7","2014-02-04 16:35:01"
"279","grmSuZiDpF","9","3","2014-02-04 16:35:02"
"280","ummsyJqHgb","3","4","2014-02-04 16:35:04"
"281","gruAOkMpXs","1","5","2014-02-04 16:35:06"
"282","grhXCIXxjm","3","6","2014-02-04 16:35:09"
"283","nlWqKXcfZR","10","10","2014-02-04 16:35:12"
"284","grSAKWsQBn","8","5","2014-02-04 16:35:15"
"285","grVBXMbSQd","2","7","2014-02-04 16:35:17"
"286","grFsoSiOMC","5","3","2014-02-04 16:35:18"
"287","glgZUMKyId","3","7","2014-02-04 16:35:22"
"288","grmSuZiDpF","10","3","2014-02-04 16:35:29"
"289","nlrDWiOjVj","3","7","2014-02-04 16:35:30"
"290","nlYxAvhQFV","4","6","2014-02-04 16:35:31"
"291","gluGDgeWRy","1","10","2014-02-04 16:35:33"
"292","gltzcsWJbF","8","8","2014-02-04 16:35:44"
"293","nlWODhyquI","2","9","2014-02-04 16:35:47"
"294","glGJsvhrad","3","5","2014-02-04 16:35:48"
"295","grSAKWsQBn","9","5","2014-02-04 16:35:50"
"296","ummsyJqHgb","4","6","2014-02-04 16:35:53"
"297","nlrDWiOjVj","4","7","2014-02-04 16:36:01"
"298","grFsoSiOMC","6","5","2014-02-04 16:36:07"
"299","grVBXMbSQd","3","8","2014-02-04 16:36:12"
"300","gruKLhuwGT","2","3","2014-02-04 16:36:18"
"301","grSAKWsQBn","10","5","2014-02-04 16:36:24"
"302","grwQfnZauC","1","6","2014-02-04 16:36:29"
"303","gltzcsWJbF","9","8","2014-02-04 16:36:30"
"304","nlrDWiOjVj","5","7","2014-02-04 16:36:30"
"305","umKvcdKLmO","1","2","2014-02-04 16:36:31"
"306","ummsyJqHgb","5","5","2014-02-04 16:36:37"
"307","glGJsvhrad","4","5","2014-02-04 16:36:38"
"308","grFsoSiOMC","7","5","2014-02-04 16:36:39"
"309","nlYxAvhQFV","5","6","2014-02-04 16:36:39"
"310","gluGDgeWRy","2","10","2014-02-04 16:36:40"
"311","nlWODhyquI","3","8","2014-02-04 16:36:41"
"312","glgZUMKyId","4","7","2014-02-04 16:36:46"
"313","glzCNZOWdG","1","8","2014-02-04 16:36:47"
"314","nlrDWiOjVj","6","7","2014-02-04 16:36:56"
"315","grFsoSiOMC","8","5","2014-02-04 16:37:07"
"316","gruAOkMpXs","2","10","2014-02-04 16:37:11"
"317","grVBXMbSQd","4","5","2014-02-04 16:37:17"
"318","nlWODhyquI","4","7","2014-02-04 16:37:19"
"319","gltzcsWJbF","10","8","2014-02-04 16:37:22"
"320","ummsyJqHgb","6","5","2014-02-04 16:37:22"
"321","gluGDgeWRy","3","8","2014-02-04 16:37:23"
"322","nlrDWiOjVj","7","7","2014-02-04 16:37:26"
"323","glVkZuDjiP","1","10","2014-02-04 16:37:28"
"324","grhXCIXxjm","4","6","2014-02-04 16:37:31"
"325","grUjBLWxGH","1","4","2014-02-04 16:37:32"
"326","glGJsvhrad","5","6","2014-02-04 16:37:33"
"327","gruKLhuwGT","3","9","2014-02-04 16:37:40"
"328","grFsoSiOMC","9","5","2014-02-04 16:37:41"
"329","umwGtzCQrw","1","2","2014-02-04 16:37:41"
"330","nlYxAvhQFV","6","6","2014-02-04 16:37:43"
"331","glgZUMKyId","5","6","2014-02-04 16:37:47"
"332","nlrDWiOjVj","8","7","2014-02-04 16:37:51"
"333","gltvAMHSpN","1","3","2014-02-04 16:37:53"
"334","gluGDgeWRy","4","8","2014-02-04 16:37:59"
"335","ummsyJqHgb","7","5","2014-02-04 16:38:01"
"336","grwQfnZauC","2","6","2014-02-04 16:38:04"
"337","nlKgzeYsTE","1","7","2014-02-04 16:38:06"
"338","nlWODhyquI","5","7","2014-02-04 16:38:10"
"339","umKvcdKLmO","2","4","2014-02-04 16:38:13"
"340","nlrDWiOjVj","9","7","2014-02-04 16:38:17"
"341","grFsoSiOMC","10","5","2014-02-04 16:38:19"
"342","glVkZuDjiP","2","3","2014-02-04 16:38:22"
"343","grVBXMbSQd","5","5","2014-02-04 16:38:25"
"344","glGJsvhrad","6","6","2014-02-04 16:38:27"
"345","gluGDgeWRy","5","8","2014-02-04 16:38:30"
"346","nlOsqxQAHw","1","2","2014-02-04 16:38:32"
"347","ummsyJqHgb","8","5","2014-02-04 16:38:34"
"348","nlrDWiOjVj","10","7","2014-02-04 16:38:41"
"349","glgZUMKyId","6","7","2014-02-04 16:38:44"
"350","glzCNZOWdG","2","9","2014-02-04 16:38:47"
"351","gruKLhuwGT","4","10","2014-02-04 16:38:50"
"352","nlWODhyquI","6","8","2014-02-04 16:38:53"
"353","gltvAMHSpN","2","4","2014-02-04 16:38:53"
"354","grwQfnZauC","3","2","2014-02-04 16:38:56"
"355","grcDIctWFv","1","8","2014-02-04 16:38:57"
"356","gluGDgeWRy","6","8","2014-02-04 16:39:03"
"357","grTvlBNSsw","2","7","2014-02-04 16:39:06"
"358","nlYxAvhQFV","7","6","2014-02-04 16:39:06"
"359","ummsyJqHgb","9","5","2014-02-04 16:39:06"
"360","nlKgzeYsTE","2","8","2014-02-04 16:39:07"
"361","glVkZuDjiP","3","5","2014-02-04 16:39:18"
"362","glGJsvhrad","7","6","2014-02-04 16:39:18"
"363","gruAOkMpXs","3","10","2014-02-04 16:39:20"
"364","umwGtzCQrw","2","5","2014-02-04 16:39:21"
"365","grVBXMbSQd","6","10","2014-02-04 16:39:24"
"366","umKvcdKLmO","3","3","2014-02-04 16:39:33"
"367","gluGDgeWRy","7","8","2014-02-04 16:39:33"
"368","nlWODhyquI","7","7","2014-02-04 16:39:34"
"369","ummsyJqHgb","10","5","2014-02-04 16:39:38"
"370","gltvAMHSpN","3","8","2014-02-04 16:39:39"
"371","grhXCIXxjm","5","7","2014-02-04 16:39:41"
"372","nlKgzeYsTE","3","6","2014-02-04 16:39:45"
"373","glgZUMKyId","7","3","2014-02-04 16:39:47"
"374","nlAgVvBGTo","1","10","2014-02-04 16:39:49"
"375","grwQfnZauC","4","10","2014-02-04 16:39:52"
"376","glVkZuDjiP","4","5","2014-02-04 16:39:56"
"377","gruKLhuwGT","5","6","2014-02-04 16:39:57"
"378","gluGDgeWRy","8","7","2014-02-04 16:40:03"
"379","nlYxAvhQFV","8","6","2014-02-04 16:40:06"
"380","nlWODhyquI","8","7","2014-02-04 16:40:06"
"381","glGJsvhrad","8","7","2014-02-04 16:40:13"
"382","umwGtzCQrw","3","4","2014-02-04 16:40:15"
"383","gltvAMHSpN","4","7","2014-02-04 16:40:16"
"384","nlOsqxQAHw","2","8","2014-02-04 16:40:22"
"385","gruAOkMpXs","4","5","2014-02-04 16:40:24"
"386","nlKgzeYsTE","4","6","2014-02-04 16:40:25"
"387","grVBXMbSQd","7","10","2014-02-04 16:40:26"
"388","grhXCIXxjm","6","7","2014-02-04 16:40:29"
"389","glVkZuDjiP","5","5","2014-02-04 16:40:32"
"390","gluGDgeWRy","9","5","2014-02-04 16:40:33"
"391","nlWODhyquI","9","7","2014-02-04 16:40:37"
"392","grwQfnZauC","5","10","2014-02-04 16:40:39"
"393","glgZUMKyId","8","8","2014-02-04 16:40:41"
"394","umKvcdKLmO","4","4","2014-02-04 16:40:45"
"395","gltvAMHSpN","5","8","2014-02-04 16:40:47"
"396","gruKLhuwGT","6","5","2014-02-04 16:40:55"
"397","grcDIctWFv","2","10","2014-02-04 16:40:56"
"398","gluGDgeWRy","10","5","2014-02-04 16:41:02"
"399","umNaSAnKii","1","4","2014-02-04 16:41:04"
"400","umwGtzCQrw","4","5","2014-02-04 16:41:06"
"401","umWbXHCqPA","1","1","2014-02-04 16:41:06"
"402","nlKgzeYsTE","5","5","2014-02-04 16:41:07"
"403","glVkZuDjiP","6","6","2014-02-04 16:41:12"
"404","gltvAMHSpN","6","6","2014-02-04 16:41:12"
"405","gruAOkMpXs","5","5","2014-02-04 16:41:17"
"406","nlWODhyquI","10","7","2014-02-04 16:41:19"
"407","glssGAEldY","1","1","2014-02-04 16:41:24"
"408","grwQfnZauC","6","4","2014-02-04 16:41:24"
"409","glGJsvhrad","9","7","2014-02-04 16:41:24"
"410","grVBXMbSQd","8","10","2014-02-04 16:41:27"
"411","glgZUMKyId","9","6","2014-02-04 16:41:28"
"412","nlOsqxQAHw","3","7","2014-02-04 16:41:35"
"413","nlYxAvhQFV","9","6","2014-02-04 16:41:38"
"414","nlKgzeYsTE","6","6","2014-02-04 16:41:39"
"415","gltvAMHSpN","7","5","2014-02-04 16:41:39"
"416","umwGtzCQrw","5","5","2014-02-04 16:41:42"
"417","grhXCIXxjm","7","7","2014-02-04 16:41:43"
"418","nlOmKxpxdX","1","4","2014-02-04 16:41:44"
"419","nlAgVvBGTo","2","10","2014-02-04 16:41:45"
"420","glVkZuDjiP","7","6","2014-02-04 16:41:46"
"421","grPIYpAPsL","1","4","2014-02-04 16:41:46"
"422","grTvlBNSsw","3","7","2014-02-04 16:42:00"
"423","grwQfnZauC","7","5","2014-02-04 16:42:03"
"424","umKvcdKLmO","5","4","2014-02-04 16:42:03"
"425","gltvAMHSpN","8","6","2014-02-04 16:42:05"
"426","gruKLhuwGT","7","6","2014-02-04 16:42:06"
"427","grVBXMbSQd","9","10","2014-02-04 16:42:10"
"428","glQKlbDEua","1","10","2014-02-04 16:42:10"
"429","glgZUMKyId","10","6","2014-02-04 16:42:12"
"430","umWbXHCqPA","2","10","2014-02-04 16:42:13"
"431","umwGtzCQrw","6","4","2014-02-04 16:42:14"
"432","grcDIctWFv","3","10","2014-02-04 16:42:17"
"433","nlKgzeYsTE","7","7","2014-02-04 16:42:18"
"434","glGJsvhrad","10","7","2014-02-04 16:42:20"
"435","grhXCIXxjm","8","7","2014-02-04 16:42:23"
"436","nlOmKxpxdX","2","7","2014-02-04 16:42:23"
"437","nlOsqxQAHw","4","9","2014-02-04 16:42:28"
"438","glVkZuDjiP","8","6","2014-02-04 16:42:30"
"439","gruAOkMpXs","6","5","2014-02-04 16:42:30"
"440","grwQfnZauC","8","4","2014-02-04 16:42:36"
"441","umwGtzCQrw","7","5","2014-02-04 16:42:49"
"442","nlOmKxpxdX","3","7","2014-02-04 16:42:52"
"443","nlKgzeYsTE","8","4","2014-02-04 16:42:52"
"444","nlYxAvhQFV","10","5","2014-02-04 16:42:54"
"445","nlFPEtWNQg","1","5","2014-02-04 16:42:54"
"446","umKvcdKLmO","6","3","2014-02-04 16:42:58"
"447","grPIYpAPsL","2","6","2014-02-04 16:42:58"
"448","nlAgVvBGTo","3","7","2014-02-04 16:43:01"
"449","glssGAEldY","2","2","2014-02-04 16:43:03"
"450","umWbXHCqPA","3","4","2014-02-04 16:43:05"
"451","grcDIctWFv","4","10","2014-02-04 16:43:05"
"452","gruKLhuwGT","8","7","2014-02-04 16:43:06"
"453","grVBXMbSQd","10","10","2014-02-04 16:43:08"
"454","gltvAMHSpN","9","5","2014-02-04 16:43:09"
"455","nlOsqxQAHw","5","9","2014-02-04 16:43:10"
"456","umNaSAnKii","2","4","2014-02-04 16:43:10"
"457","glVkZuDjiP","9","6","2014-02-04 16:43:12"
"458","grwQfnZauC","9","4","2014-02-04 16:43:15"
"459","umwGtzCQrw","8","5","2014-02-04 16:43:24"
"460","nlOmKxpxdX","4","8","2014-02-04 16:43:26"
"461","nlKgzeYsTE","9","5","2014-02-04 16:43:29"
"462","grhXCIXxjm","9","7","2014-02-04 16:43:29"
"463","gruAOkMpXs","7","5","2014-02-04 16:43:31"
"464","umWbXHCqPA","4","8","2014-02-04 16:43:35"
"465","gltvAMHSpN","10","5","2014-02-04 16:43:35"
"466","grPIYpAPsL","3","2","2014-02-04 16:43:37"
"467","umzNKDXSZR","1","8","2014-02-04 16:43:42"
"468","glVkZuDjiP","10","2","2014-02-04 16:43:47"
"469","grTvlBNSsw","4","8","2014-02-04 16:43:51"
"470","glEqUaoHqt","1","3","2014-02-04 16:43:52"
"471","nlOmKxpxdX","5","8","2014-02-04 16:43:53"
"472","grwQfnZauC","10","4","2014-02-04 16:43:54"
"473","umNaSAnKii","3","4","2014-02-04 16:43:58"
"474","nlOsqxQAHw","6","5","2014-02-04 16:44:00"
"475","grcDIctWFv","5","10","2014-02-04 16:44:01"
"476","umWbXHCqPA","5","6","2014-02-04 16:44:02"
"477","grPIYpAPsL","4","6","2014-02-04 16:44:03"
"478","umwGtzCQrw","9","7","2014-02-04 16:44:03"
"479","nlKgzeYsTE","10","1","2014-02-04 16:44:05"
"480","grVdUtmplL","1","5","2014-02-04 16:44:05"
"481","umKvcdKLmO","7","3","2014-02-04 16:44:05"
"482","gruKLhuwGT","9","5","2014-02-04 16:44:07"
"483","grIMeaVfUS","1","10","2014-02-04 16:44:11"
"484","nlAgVvBGTo","4","8","2014-02-04 16:44:12"
"485","grhXCIXxjm","10","7","2014-02-04 16:44:13"
"486","grvlOoFExe","1","10","2014-02-04 16:44:14"
"487","glssGAEldY","3","4","2014-02-04 16:44:21"
"488","nlOmKxpxdX","6","8","2014-02-04 16:44:22"
"489","gruAOkMpXs","8","5","2014-02-04 16:44:25"
"490","grPIYpAPsL","5","1","2014-02-04 16:44:26"
"491","nlFPEtWNQg","2","8","2014-02-04 16:44:27"
"492","umWbXHCqPA","6","4","2014-02-04 16:44:29"
"493","umwGtzCQrw","10","6","2014-02-04 16:44:42"
"494","umNaSAnKii","4","4","2014-02-04 16:44:43"
"495","nlOsqxQAHw","7","5","2014-02-04 16:44:45"
"496","grTvlBNSsw","5","9","2014-02-04 16:44:46"
"497","nlOmKxpxdX","7","8","2014-02-04 16:44:49"
"498","umWbXHCqPA","7","10","2014-02-04 16:44:57"
"499","gruKLhuwGT","10","5","2014-02-04 16:45:00"
"500","grIMeaVfUS","2","6","2014-02-04 16:45:01"
"501","grcDIctWFv","6","10","2014-02-04 16:45:02"
"502","grPIYpAPsL","6","10","2014-02-04 16:45:04"
"503","nlAgVvBGTo","5","5","2014-02-04 16:45:11"
"504","umKvcdKLmO","8","3","2014-02-04 16:45:12"
"505","umNaSAnKii","5","5","2014-02-04 16:45:17"
"506","glssGAEldY","4","4","2014-02-04 16:45:17"
"507","gruAOkMpXs","9","5","2014-02-04 16:45:18"
"508","nlFPEtWNQg","3","10","2014-02-04 16:45:18"
"509","glhVQExMym","1","3","2014-02-04 16:45:20"
"510","nlTXXalNcp","1","1","2014-02-04 16:45:20"
"511","nlOmKxpxdX","8","8","2014-02-04 16:45:23"
"512","grVdUtmplL","2","6","2014-02-04 16:45:29"
"513","umWbXHCqPA","8","6","2014-02-04 16:45:30"
"514","nlOsqxQAHw","8","7","2014-02-04 16:45:30"
"515","glEqUaoHqt","2","6","2014-02-04 16:45:31"
"516","umjphdEYoq","1","7","2014-02-04 16:45:32"
"517","grPIYpAPsL","7","5","2014-02-04 16:45:34"
"518","grIMeaVfUS","3","8","2014-02-04 16:45:37"
"519","grvlOoFExe","2","8","2014-02-04 16:45:48"
"520","nlOmKxpxdX","9","6","2014-02-04 16:45:51"
"521","grcDIctWFv","7","9","2014-02-04 16:45:54"
"522","umWbXHCqPA","9","6","2014-02-04 16:45:56"
"523","umNaSAnKii","6","6","2014-02-04 16:45:59"
"524","grPIYpAPsL","8","4","2014-02-04 16:46:00"
"525","grSdNlecsT","1","10","2014-02-04 16:46:01"
"526","grIMeaVfUS","4","9","2014-02-04 16:46:06"
"527","umKvcdKLmO","9","4","2014-02-04 16:46:09"
"528","nlFPEtWNQg","4","6","2014-02-04 16:46:11"
"529","nlOsqxQAHw","9","7","2014-02-04 16:46:11"
"530","glssGAEldY","5","3","2014-02-04 16:46:12"
"531","glEqUaoHqt","3","8","2014-02-04 16:46:14"
"532","nlOmKxpxdX","10","7","2014-02-04 16:46:17"
"533","nlAgVvBGTo","6","6","2014-02-04 16:46:20"
"534","grVdUtmplL","3","5","2014-02-04 16:46:21"
"535","umWbXHCqPA","10","10","2014-02-04 16:46:23"
"536","grPIYpAPsL","9","6","2014-02-04 16:46:26"
"537","nlTXXalNcp","2","2","2014-02-04 16:46:27"
"538","umNaSAnKii","7","5","2014-02-04 16:46:28"
"539","grIMeaVfUS","5","5","2014-02-04 16:46:34"
"540","umjphdEYoq","2","7","2014-02-04 16:46:35"
"541","glalzVNCul","1","7","2014-02-04 16:46:38"
"542","grcDIctWFv","8","8","2014-02-04 16:46:43"
"543","nlFPEtWNQg","5","6","2014-02-04 16:46:50"
"544","glEqUaoHqt","4","7","2014-02-04 16:46:53"
"545","nlOsqxQAHw","10","6","2014-02-04 16:46:53"
"546","grPIYpAPsL","10","3","2014-02-04 16:46:57"
"547","grvlOoFExe","3","9","2014-02-04 16:46:58"
"548","umNaSAnKii","8","5","2014-02-04 16:47:03"
"549","grVdUtmplL","4","5","2014-02-04 16:47:03"
"550","glssGAEldY","6","3","2014-02-04 16:47:03"
"551","grIMeaVfUS","6","8","2014-02-04 16:47:06"
"552","nlAgVvBGTo","7","7","2014-02-04 16:47:14"
"553","nlTXXalNcp","3","3","2014-02-04 16:47:16"
"554","glEqUaoHqt","5","8","2014-02-04 16:47:31"
"555","nlImrTQIgD","1","10","2014-02-04 16:47:32"
"556","umKvcdKLmO","10","4","2014-02-04 16:47:33"
"557","umjphdEYoq","3","6","2014-02-04 16:47:34"
"558","grcDIctWFv","9","9","2014-02-04 16:47:35"
"559","grVdUtmplL","5","5","2014-02-04 16:47:39"
"560","grIMeaVfUS","7","10","2014-02-04 16:47:40"
"561","nlFPEtWNQg","6","5","2014-02-04 16:47:43"
"562","umNaSAnKii","9","5","2014-02-04 16:47:52"
"563","glssGAEldY","7","3","2014-02-04 16:47:55"
"564","gruAOkMpXs","10","5","2014-02-04 16:47:59"
"565","grvlOoFExe","4","10","2014-02-04 16:48:08"
"566","grIMeaVfUS","8","10","2014-02-04 16:48:09"
"567","glEqUaoHqt","6","6","2014-02-04 16:48:14"
"568","grVdUtmplL","6","5","2014-02-04 16:48:20"
"569","nlFPEtWNQg","7","3","2014-02-04 16:48:21"
"570","umjphdEYoq","4","6","2014-02-04 16:48:21"
"571","glhVQExMym","2","10","2014-02-04 16:48:26"
"572","nlAgVvBGTo","8","5","2014-02-04 16:48:29"
"573","umNaSAnKii","10","5","2014-02-04 16:48:32"
"574","nlTXXalNcp","4","3","2014-02-04 16:48:36"
"575","grIMeaVfUS","9","10","2014-02-04 16:48:38"
"576","umGrsKmslD","1","2","2014-02-04 16:48:42"
"577","grcDIctWFv","10","10","2014-02-04 16:48:49"
"578","glEqUaoHqt","7","7","2014-02-04 16:48:50"
"579","glssGAEldY","8","3","2014-02-04 16:48:51"
"580","nlFPEtWNQg","8","6","2014-02-04 16:48:58"
"581","grVdUtmplL","7","5","2014-02-04 16:49:01"
"582","umjphdEYoq","5","6","2014-02-04 16:49:03"
"583","grIMeaVfUS","10","10","2014-02-04 16:49:07"
"584","grvlOoFExe","5","10","2014-02-04 16:49:12"
"585","grSdNlecsT","2","10","2014-02-04 16:49:12"
"586","nlAgVvBGTo","9","6","2014-02-04 16:49:21"
"587","glEqUaoHqt","8","7","2014-02-04 16:49:23"
"588","nlTXXalNcp","5","4","2014-02-04 16:49:23"
"589","nlFPEtWNQg","9","5","2014-02-04 16:49:30"
"590","nlUeyFMJmI","1","10","2014-02-04 16:49:40"
"591","umjphdEYoq","6","6","2014-02-04 16:49:41"
"592","grVdUtmplL","8","5","2014-02-04 16:49:41"
"593","nlImrTQIgD","2","5","2014-02-04 16:49:41"
"594","umGrsKmslD","2","6","2014-02-04 16:49:42"
"595","glssGAEldY","9","4","2014-02-04 16:49:47"
"596","glEqUaoHqt","9","7","2014-02-04 16:49:52"
"597","nlFPEtWNQg","10","5","2014-02-04 16:50:06"
"598","nlTXXalNcp","6","5","2014-02-04 16:50:07"
"599","grvlOoFExe","6","10","2014-02-04 16:50:09"
"600","grVdUtmplL","9","5","2014-02-04 16:50:20"
"601","umGrsKmslD","3","6","2014-02-04 16:50:21"
"602","nlImrTQIgD","3","6","2014-02-04 16:50:22"
"603","glhVQExMym","3","5","2014-02-04 16:50:22"
"604","umjphdEYoq","7","6","2014-02-04 16:50:24"
"605","glEqUaoHqt","10","7","2014-02-04 16:50:29"
"606","glssGAEldY","10","2","2014-02-04 16:50:40"
"607","nlTXXalNcp","7","5","2014-02-04 16:50:45"
"608","nlUeyFMJmI","2","6","2014-02-04 16:50:48"
"609","umGrsKmslD","4","9","2014-02-04 16:50:50"
"610","grVdUtmplL","10","5","2014-02-04 16:50:56"
"611","nlAgVvBGTo","10","8","2014-02-04 16:50:57"
"612","umjphdEYoq","8","6","2014-02-04 16:51:06"
"613","grvlOoFExe","7","9","2014-02-04 16:51:09"
"614","nlImrTQIgD","4","4","2014-02-04 16:51:13"
"615","umGrsKmslD","5","6","2014-02-04 16:51:16"
"616","glhVQExMym","4","4","2014-02-04 16:51:18"
"617","grSdNlecsT","3","9","2014-02-04 16:51:24"
"618","nlTXXalNcp","8","4","2014-02-04 16:51:31"
"619","umGrsKmslD","6","5","2014-02-04 16:51:40"
"620","umjphdEYoq","9","6","2014-02-04 16:51:46"
"621","nlUeyFMJmI","3","7","2014-02-04 16:51:47"
"622","nlImrTQIgD","5","3","2014-02-04 16:52:01"
"623","glhVQExMym","5","4","2014-02-04 16:52:03"
"624","umGrsKmslD","7","5","2014-02-04 16:52:04"
"625","grvlOoFExe","8","9","2014-02-04 16:52:06"
"626","nlTXXalNcp","9","5","2014-02-04 16:52:11"
"627","grTvlBNSsw","6","10","2014-02-04 16:52:24"
"628","nlPwfdVUTj","1","5","2014-02-04 16:52:25"
"629","umjphdEYoq","10","5","2014-02-04 16:52:27"
"630","umGrsKmslD","8","5","2014-02-04 16:52:31"
"631","nlUeyFMJmI","4","5","2014-02-04 16:52:43"
"632","nlImrTQIgD","6","1","2014-02-04 16:52:46"
"633","nlTXXalNcp","10","5","2014-02-04 16:52:48"
"634","glhVQExMym","6","6","2014-02-04 16:52:51"
"635","glalzVNCul","2","6","2014-02-04 16:52:55"
"636","umGrsKmslD","9","6","2014-02-04 16:52:59"
"637","grvlOoFExe","9","7","2014-02-04 16:53:11"
"638","glhVQExMym","7","5","2014-02-04 16:53:25"
"639","nlUeyFMJmI","5","7","2014-02-04 16:53:26"
"640","umGrsKmslD","10","8","2014-02-04 16:53:28"
"641","grSdNlecsT","4","8","2014-02-04 16:53:31"
"642","nlImrTQIgD","7","2","2014-02-04 16:53:36"
"643","nlPwfdVUTj","2","6","2014-02-04 16:54:00"
"644","glhVQExMym","8","4","2014-02-04 16:54:05"
"645","grvlOoFExe","10","10","2014-02-04 16:54:16"
"646","nlImrTQIgD","8","1","2014-02-04 16:54:19"
"647","nlUeyFMJmI","6","7","2014-02-04 16:54:23"
"648","glhVQExMym","9","4","2014-02-04 16:54:58"
"649","nlImrTQIgD","9","1","2014-02-04 16:54:59"
"650","nlUeyFMJmI","7","9","2014-02-04 16:55:14"
"651","nlPwfdVUTj","3","6","2014-02-04 16:55:19"
"652","glhVQExMym","10","5","2014-02-04 16:55:29"
"653","glalzVNCul","3","5","2014-02-04 16:55:30"
"654","nlImrTQIgD","10","2","2014-02-04 16:55:39"
"655","nlUeyFMJmI","8","8","2014-02-04 16:55:55"
"656","nlPwfdVUTj","4","6","2014-02-04 16:56:25"
"657","nlUeyFMJmI","9","5","2014-02-04 16:56:31"
"658","grSdNlecsT","5","9","2014-02-04 16:56:42"
"659","nlUeyFMJmI","10","5","2014-02-04 16:57:09"
"660","nlPwfdVUTj","5","5","2014-02-04 16:57:30"
"661","nlPwfdVUTj","6","6","2014-02-04 16:58:21"
"662","grSdNlecsT","6","9","2014-02-04 16:58:48"
"663","glalzVNCul","4","5","2014-02-04 16:59:01"
"664","nlPwfdVUTj","7","6","2014-02-04 16:59:26"
"665","umIhGLtCMq","1","10","2014-02-04 17:00:00"
"666","nlPwfdVUTj","8","6","2014-02-04 17:00:21"
"667","grSdNlecsT","7","10","2014-02-04 17:00:42"
"668","umIhGLtCMq","2","7","2014-02-04 17:01:08"
"669","nlPwfdVUTj","9","6","2014-02-04 17:01:10"
"670","umIhGLtCMq","3","6","2014-02-04 17:01:49"
"671","nlPwfdVUTj","10","6","2014-02-04 17:02:11"
"672","umIhGLtCMq","4","6","2014-02-04 17:02:20"
"673","umIhGLtCMq","5","6","2014-02-04 17:03:18"
"674","glgpOgYDFC","1","2","2014-02-04 17:03:20"
"675","umIhGLtCMq","6","7","2014-02-04 17:03:58"
"676","umIhGLtCMq","7","7","2014-02-04 17:04:28"
"677","umIhGLtCMq","8","6","2014-02-04 17:04:49"
"678","glgpOgYDFC","2","5","2014-02-04 17:04:56"
"679","umIhGLtCMq","9","6","2014-02-04 17:05:39"
"680","umIhGLtCMq","10","6","2014-02-04 17:06:03"
"681","glgpOgYDFC","3","5","2014-02-04 17:06:10"
"682","glgpOgYDFC","4","5","2014-02-04 17:07:23"
"683","glalzVNCul","5","5","2014-02-04 17:08:01"
"684","nlRDOEYaoj","1","3","2014-02-04 17:08:08"
"685","glgpOgYDFC","5","5","2014-02-04 17:08:32"
"686","glqwSQQkSK","1","4","2014-02-04 17:09:09"
"687","glgpOgYDFC","6","5","2014-02-04 17:09:43"
"688","nlRDOEYaoj","2","5","2014-02-04 17:09:55"
"689","glqwSQQkSK","2","6","2014-02-04 17:10:03"
"690","glgpOgYDFC","7","5","2014-02-04 17:10:34"
"691","nlRDOEYaoj","3","6","2014-02-04 17:11:05"
"692","glgpOgYDFC","8","5","2014-02-04 17:11:33"
"693","nlRDOEYaoj","4","6","2014-02-04 17:12:03"
"694","glalzVNCul","6","5","2014-02-04 17:12:17"
"695","glgpOgYDFC","9","5","2014-02-04 17:12:29"
"696","nlRDOEYaoj","5","6","2014-02-04 17:12:57"
"697","glgpOgYDFC","10","5","2014-02-04 17:13:25"
"698","glqwSQQkSK","3","6","2014-02-04 17:14:47"
"699","glalzVNCul","7","5","2014-02-04 17:14:58"
"700","glqwSQQkSK","4","4","2014-02-04 17:15:41"
"701","nlRDOEYaoj","6","6","2014-02-04 17:15:45"
"702","glqwSQQkSK","5","6","2014-02-04 17:16:13"
"703","glqwSQQkSK","6","5","2014-02-04 17:16:51"
"704","glqwSQQkSK","7","6","2014-02-04 17:17:23"
"705","glzDWRLiha","1","2","2014-02-04 17:18:01"
"706","glalzVNCul","8","5","2014-02-04 17:18:05"
"707","glqwSQQkSK","8","5","2014-02-04 17:18:07"
"708","glqwSQQkSK","9","5","2014-02-04 17:18:56"
"709","glzDWRLiha","2","6","2014-02-04 17:19:17"
"710","nlRDOEYaoj","7","6","2014-02-04 17:19:22"
"711","glqwSQQkSK","10","5","2014-02-04 17:19:39"
"712","glzDWRLiha","3","10","2014-02-04 17:19:59"
"713","nlRDOEYaoj","8","6","2014-02-04 17:20:09"
"714","glzDWRLiha","4","10","2014-02-04 17:20:37"
"715","glzDWRLiha","5","5","2014-02-04 17:21:19"
"716","glalzVNCul","9","5","2014-02-04 17:21:42"
"717","glzDWRLiha","6","6","2014-02-04 17:21:47"
"718","glzDWRLiha","7","6","2014-02-04 17:22:13"
"719","glzDWRLiha","8","6","2014-02-04 17:22:38"
"720","nlRDOEYaoj","9","6","2014-02-04 17:22:39"
"721","glzDWRLiha","9","6","2014-02-04 17:23:06"
"722","glzDWRLiha","10","5","2014-02-04 17:23:31"
"723","nlRDOEYaoj","10","6","2014-02-04 17:23:31"
"724","glalzVNCul","10","5","2014-02-04 17:24:29"
"725","nlgQTZzGSC","1","4","2014-02-04 17:31:43"
"726","nlgQTZzGSC","2","8","2014-02-04 17:32:40"
"727","nlwEGDHBxt","1","2","2014-02-04 17:33:02"
"728","grQgIYuKVM","1","4","2014-02-04 17:33:10"
"729","nlgQTZzGSC","3","1","2014-02-04 17:33:17"
"730","nlgQTZzGSC","4","10","2014-02-04 17:34:18"
"731","grQgIYuKVM","2","5","2014-02-04 17:34:28"
"732","nlgQTZzGSC","5","2","2014-02-04 17:34:48"
"733","nlgQTZzGSC","6","10","2014-02-04 17:35:14"
"734","nlgQTZzGSC","7","2","2014-02-04 17:35:30"
"735","nlCTrFzOSA","1","10","2014-02-04 17:35:43"
"736","nlgQTZzGSC","8","1","2014-02-04 17:35:47"
"737","nlgQTZzGSC","9","9","2014-02-04 17:36:12"
"738","grQgIYuKVM","3","5","2014-02-04 17:36:33"
"739","nlgQTZzGSC","10","1","2014-02-04 17:37:04"
"740","gloYadPQMT","1","3","2014-02-04 17:37:09"
"741","umabjQAdie","1","1","2014-02-04 17:37:21"
"742","nlCTrFzOSA","2","7","2014-02-04 17:37:36"
"743","grQgIYuKVM","4","5","2014-02-04 17:39:13"
"744","gloYadPQMT","2","6","2014-02-04 17:39:30"
"745","umtUTuXoKI","1","6","2014-02-04 17:39:37"
"746","umAisxxYTV","1","1","2014-02-04 17:39:37"
"747","nlCTrFzOSA","3","7","2014-02-04 17:39:43"
"748","grQgIYuKVM","5","5","2014-02-04 17:40:32"
"749","umtUTuXoKI","2","3","2014-02-04 17:40:35"
"750","nlCTrFzOSA","4","7","2014-02-04 17:40:39"
"751","grSXFEETPm","1","4","2014-02-04 17:40:41"
"752","umabjQAdie","2","2","2014-02-04 17:40:42"
"753","gloYadPQMT","3","6","2014-02-04 17:40:58"
"754","umtUTuXoKI","3","10","2014-02-04 17:41:14"
"755","glvTjMLAXh","1","10","2014-02-04 17:41:20"
"756","nlCTrFzOSA","5","6","2014-02-04 17:41:29"
"757","umAisxxYTV","2","8","2014-02-04 17:41:41"
"758","gloYadPQMT","4","8","2014-02-04 17:41:49"
"759","umtUTuXoKI","4","1","2014-02-04 17:41:50"
"760","umtUTuXoKI","5","10","2014-02-04 17:42:19"
"761","nlCTrFzOSA","6","6","2014-02-04 17:42:22"
"762","umVtKTrVjQ","1","5","2014-02-04 17:42:24"
"763","gloYadPQMT","5","8","2014-02-04 17:42:28"
"764","nlBfhClIhk","1","2","2014-02-04 17:42:37"
"765","glvTjMLAXh","2","8","2014-02-04 17:42:42"
"766","umtUTuXoKI","6","2","2014-02-04 17:42:49"
"767","umAisxxYTV","3","5","2014-02-04 17:42:53"
"768","grSXFEETPm","2","8","2014-02-04 17:42:53"
"769","gloYadPQMT","6","8","2014-02-04 17:43:05"
"770","nlCTrFzOSA","7","6","2014-02-04 17:43:11"
"771","umtUTuXoKI","7","5","2014-02-04 17:43:15"
"772","umabjQAdie","3","3","2014-02-04 17:43:32"
"773","umtUTuXoKI","8","7","2014-02-04 17:43:36"
"774","gloYadPQMT","7","8","2014-02-04 17:43:41"
"775","nlCTrFzOSA","8","6","2014-02-04 17:43:43"
"776","nlBfhClIhk","2","6","2014-02-04 17:43:46"
"777","grSXFEETPm","3","9","2014-02-04 17:43:46"
"778","umAisxxYTV","4","6","2014-02-04 17:43:51"
"779","grQgIYuKVM","6","5","2014-02-04 17:43:54"
"780","umtUTuXoKI","9","7","2014-02-04 17:44:05"
"781","glvTjMLAXh","3","5","2014-02-04 17:44:11"
"782","gloYadPQMT","8","8","2014-02-04 17:44:14"
"783","nlwhuxHWeE","1","3","2014-02-04 17:44:15"
"784","nlCTrFzOSA","9","6","2014-02-04 17:44:23"
"785","glhmsTNJfu","1","5","2014-02-04 17:44:23"
"786","umAisxxYTV","5","4","2014-02-04 17:44:31"
"787","grSXFEETPm","4","6","2014-02-04 17:44:32"
"788","nlBfhClIhk","3","8","2014-02-04 17:44:32"
"789","umVtKTrVjQ","2","6","2014-02-04 17:44:35"
"790","umtUTuXoKI","10","6","2014-02-04 17:44:35"
"791","gloYadPQMT","9","8","2014-02-04 17:44:54"
"792","nlCTrFzOSA","10","6","2014-02-04 17:44:56"
"793","grnPqmdQhu","1","2","2014-02-04 17:45:03"
"794","grSXFEETPm","5","6","2014-02-04 17:45:09"
"795","nlBfhClIhk","4","8","2014-02-04 17:45:12"
"796","umAisxxYTV","6","6","2014-02-04 17:45:21"
"797","glvTjMLAXh","4","9","2014-02-04 17:45:28"
"798","gloYadPQMT","10","8","2014-02-04 17:45:31"
"799","nlBfhClIhk","5","8","2014-02-04 17:45:35"
"800","grSXFEETPm","6","6","2014-02-04 17:45:45"
"801","umeRMSpRdY","1","5","2014-02-04 17:45:49"
"802","umAisxxYTV","7","6","2014-02-04 17:45:54"
"803","umabjQAdie","4","5","2014-02-04 17:45:56"
"804","umVtKTrVjQ","3","5","2014-02-04 17:46:04"
"805","nlBfhClIhk","6","8","2014-02-04 17:46:11"
"806","nlwhuxHWeE","2","5","2014-02-04 17:46:12"
"807","glvTjMLAXh","5","8","2014-02-04 17:46:13"
"808","nlsNhIDfPR","1","4","2014-02-04 17:46:13"
"809","grSXFEETPm","7","5","2014-02-04 17:46:19"
"810","grnPqmdQhu","2","4","2014-02-04 17:46:30"
"811","nlBfhClIhk","7","8","2014-02-04 17:46:33"
"812","umAisxxYTV","8","7","2014-02-04 17:46:35"
"813","umXRIrMPMA","1","6","2014-02-04 17:46:36"
"814","glhmsTNJfu","2","6","2014-02-04 17:46:38"
"815","grQgIYuKVM","7","5","2014-02-04 17:46:46"
"816","grSXFEETPm","8","2","2014-02-04 17:46:56"
"817","nlBfhClIhk","8","8","2014-02-04 17:47:00"
"818","glvTjMLAXh","6","10","2014-02-04 17:47:04"
"819","umVtKTrVjQ","4","4","2014-02-04 17:47:06"
"820","umAisxxYTV","9","5","2014-02-04 17:47:07"
"821","grnPqmdQhu","3","5","2014-02-04 17:47:16"
"822","nlwhuxHWeE","3","4","2014-02-04 17:47:24"
"823","nlBfhClIhk","9","8","2014-02-04 17:47:27"
"824","umeRMSpRdY","2","5","2014-02-04 17:47:29"
"825","nlsNhIDfPR","2","4","2014-02-04 17:47:31"
"826","grSXFEETPm","9","2","2014-02-04 17:47:33"
"827","umwLXenAtA","1","6","2014-02-04 17:47:39"
"828","umabjQAdie","5","5","2014-02-04 17:47:40"
"829","umAisxxYTV","10","5","2014-02-04 17:47:44"
"830","umXRIrMPMA","2","10","2014-02-04 17:47:47"
"831","glhmsTNJfu","3","4","2014-02-04 17:47:47"
"832","glvTjMLAXh","7","10","2014-02-04 17:47:51"
"833","grnPqmdQhu","4","7","2014-02-04 17:47:54"
"834","umVtKTrVjQ","5","5","2014-02-04 17:47:55"
"835","nlBfhClIhk","10","8","2014-02-04 17:47:57"
"836","grQgIYuKVM","8","5","2014-02-04 17:48:08"
"837","nlsNhIDfPR","3","6","2014-02-04 17:48:11"
"838","umlUPANfUy","1","8","2014-02-04 17:48:11"
"839","grSXFEETPm","10","2","2014-02-04 17:48:13"
"840","umXRIrMPMA","3","10","2014-02-04 17:48:14"
"841","umyjUdQRGk","1","1","2014-02-04 17:48:22"
"842","nlwhuxHWeE","4","6","2014-02-04 17:48:27"
"843","grnPqmdQhu","5","6","2014-02-04 17:48:32"
"844","umXRIrMPMA","4","10","2014-02-04 17:48:38"
"845","glvTjMLAXh","8","9","2014-02-04 17:48:41"
"846","nlsNhIDfPR","4","7","2014-02-04 17:48:50"
"847","grQgIYuKVM","9","5","2014-02-04 17:48:52"
"848","umVtKTrVjQ","6","6","2014-02-04 17:48:58"
"849","glhmsTNJfu","4","3","2014-02-04 17:48:58"
"850","umXRIrMPMA","5","10","2014-02-04 17:49:03"
"851","grnPqmdQhu","6","6","2014-02-04 17:49:03"
"852","nlsNhIDfPR","5","5","2014-02-04 17:49:22"
"853","umabjQAdie","6","6","2014-02-04 17:49:22"
"854","umXRIrMPMA","6","9","2014-02-04 17:49:23"
"855","glvTjMLAXh","9","10","2014-02-04 17:49:26"
"856","nlwhuxHWeE","5","3","2014-02-04 17:49:26"
"857","grnPqmdQhu","7","5","2014-02-04 17:49:30"
"858","umXRIrMPMA","7","8","2014-02-04 17:49:43"
"859","umlUPANfUy","2","5","2014-02-04 17:49:49"
"860","umVtKTrVjQ","7","4","2014-02-04 17:49:50"
"861","glvTjMLAXh","10","10","2014-02-04 17:49:51"
"862","grnPqmdQhu","8","6","2014-02-04 17:49:53"
"863","umwLXenAtA","2","6","2014-02-04 17:49:58"
"864","grQgIYuKVM","10","6","2014-02-04 17:49:59"
"865","nlsNhIDfPR","6","5","2014-02-04 17:50:01"
"866","umXRIrMPMA","8","7","2014-02-04 17:50:02"
"867","glhmsTNJfu","5","2","2014-02-04 17:50:05"
"868","umeRMSpRdY","3","5","2014-02-04 17:50:09"
"869","umyjUdQRGk","2","4","2014-02-04 17:50:18"
"870","umXRIrMPMA","9","6","2014-02-04 17:50:19"
"871","grnPqmdQhu","9","6","2014-02-04 17:50:20"
"872","nlwhuxHWeE","6","8","2014-02-04 17:50:32"
"873","nlsNhIDfPR","7","6","2014-02-04 17:50:34"
"874","umXRIrMPMA","10","5","2014-02-04 17:50:38"
"875","umVtKTrVjQ","8","4","2014-02-04 17:50:39"
"876","grnPqmdQhu","10","6","2014-02-04 17:50:51"
"877","umlUPANfUy","3","8","2014-02-04 17:50:58"
"878","umabjQAdie","7","5","2014-02-04 17:50:58"
"879","nlsNhIDfPR","8","5","2014-02-04 17:51:08"
"880","glhmsTNJfu","6","3","2014-02-04 17:51:08"
"881","umwLXenAtA","3","7","2014-02-04 17:51:09"
"882","nlwhuxHWeE","7","8","2014-02-04 17:51:24"
"883","umVtKTrVjQ","9","4","2014-02-04 17:51:24"
"884","umyjUdQRGk","3","1","2014-02-04 17:51:37"
"885","nlsNhIDfPR","9","5","2014-02-04 17:51:39"
"886","umabjQAdie","8","5","2014-02-04 17:51:46"
"887","umlUPANfUy","4","5","2014-02-04 17:51:48"
"888","glhmsTNJfu","7","4","2014-02-04 17:52:03"
"889","umVtKTrVjQ","10","4","2014-02-04 17:52:11"
"890","umeRMSpRdY","4","5","2014-02-04 17:52:12"
"891","nlsNhIDfPR","10","6","2014-02-04 17:52:13"
"892","umyjUdQRGk","4","2","2014-02-04 17:52:26"
"893","nlwhuxHWeE","8","10","2014-02-04 17:52:33"
"894","umlUPANfUy","5","6","2014-02-04 17:52:33"
"895","umabjQAdie","9","5","2014-02-04 17:52:52"
"896","glhmsTNJfu","8","4","2014-02-04 17:52:54"
"897","umlUPANfUy","6","6","2014-02-04 17:53:07"
"898","nlwhuxHWeE","9","10","2014-02-04 17:53:24"
"899","umyjUdQRGk","5","1","2014-02-04 17:53:30"
"900","umlUPANfUy","7","9","2014-02-04 17:53:43"
"901","glhmsTNJfu","9","4","2014-02-04 17:53:44"
"902","umeRMSpRdY","5","6","2014-02-04 17:54:02"
"903","nlwhuxHWeE","10","9","2014-02-04 17:54:12"
"904","umlUPANfUy","8","7","2014-02-04 17:54:18"
"905","umyjUdQRGk","6","1","2014-02-04 17:54:25"
"906","umlUPANfUy","9","7","2014-02-04 17:54:51"
"907","glhmsTNJfu","10","4","2014-02-04 17:54:52"
"908","umabjQAdie","10","5","2014-02-04 17:54:54"
"909","umyjUdQRGk","7","1","2014-02-04 17:55:13"
"910","umlUPANfUy","10","8","2014-02-04 17:55:26"
"911","umeRMSpRdY","6","6","2014-02-04 17:55:40"
"912","umyjUdQRGk","8","1","2014-02-04 17:55:58"
"913","umeRMSpRdY","7","6","2014-02-04 17:57:22"
"914","umyjUdQRGk","9","1","2014-02-04 17:57:33"
"915","umyjUdQRGk","10","1","2014-02-04 17:58:43"
"916","umeRMSpRdY","8","6","2014-02-04 17:59:17"
"917","umeRMSpRdY","9","6","2014-02-04 18:01:27"
"918","umeRMSpRdY","10","5","2014-02-04 18:04:01"
